id,Unnamed: 1,content
0,,"# Spatial Clustering in Health and Environmental Research

The community centers on the concept and applications of spatial clustering, encompassing key entities like DBSCAN, OPTICS, and prominent researchers such as Hans-Peter Kriegel and Jörg Sander, as well as notable studies on childhood leukemia and lymphoma clustering in regions like North Humberside and broader applications in health and environmental studies. Relationships among these entities highlight the integration of statistical methods and computational algorithms in analyzing spatial patterns for diverse domains such as health, ecology, and urban planning.

## Spatial clustering as a central analytical concept

Spatial clustering is a foundational analytical technique for identifying geographic patterns and anomalies across data. It serves as a core methodology in health studies, particularly for analyzing disease distributions such as childhood leukemia and lymphoma in North Humberside from 1974 to 1986. The methods rely on statistical and density-based models, making it integral for identifying high-risk regions and patterns in environmental and health research. Its applications are diverse, spanning health, ecology, and urban planning.

## DBSCAN as a pivotal density-based clustering algorithm

DBSCAN (Density-Based Spatial Clustering of Applications with Noise) is a widely used algorithm for spatial clustering, particularly in applications involving irregular data densities. Developed by researchers including Hans-Peter Kriegel and Jörg Sander, it identifies clusters based on density-reachability, making it effective in analyzing spatial event data. Improvements to DBSCAN have led to extensions such as GDBSCAN, which incorporates non-spatial attributes, and HDBSCAN, which enhances cluster visualization and interpretation. Relationships highlight its frequent integration with spatial clustering projects.

## Prominent authors in clustering methodology development

Researchers such as Hans-Peter Kriegel, Jörg Sander, Martin Ester, and Xiaowei Xu have significantly contributed to the development of clustering methodologies, including DBSCAN, OPTICS, and the Distribution-Based Clustering Algorithm. Collaboration among these researchers is evident in co-authored works, such as those presented at academic conferences, focusing on clustering large spatial databases. Their methods have advanced the state of spatial analytics and statistical modeling, providing tools widely adopted in both academic and practical domains.

## Impactful health studies leveraging spatial clustering

The application of spatial clustering in health research is exemplified by studies on childhood leukemia and lymphoma clustering conducted in North Humberside between 1974 and 1986. These studies identified geographic patterns in disease prevalence, aiding in the understanding of environmental and health risk factors. Contributions by researchers like Dr. Freda Alexander and Dr. Ray Cartwright emphasize the importance of spatial clustering in epidemiological research, while methods like random effect models and nonparametric tests were utilized to detect significant spatial clusters.

## Relationship between spatial clustering and environmental studies

Environmental and health studies have driven advancements in spatial clustering techniques, particularly in the late 20th century. These studies employed spatial clustering to analyze environmental hazards and their correlation to health outcomes. Techniques like density mapping and dimensionality reduction have been crucial for identifying patterns in complex datasets, highlighting the multidisciplinary applications of spatial clustering methods. The studies serve as case examples of the broader impact of spatial clustering on policy and public health.

## Interdisciplinary applications of spatial clustering

Spatial clustering extends beyond health and environmental studies to fields like ecology and urban planning. For example, ecological clustering leverages spatial clustering methodologies to study biome patterns, while other applications include bank site selection and traffic collision pattern analysis. The integration of spatial data with additional contextual information (data enrichment) improves the accuracy of cluster detection, making these methods useful tools for decision-making across diverse domains.

## OPTICS and its utility in spatial clustering

OPTICS (Ordering Points to Identify the Clustering Structure) is a density-based clustering algorithm that builds on the principles of DBSCAN. It generates augmented orderings of data points to visualize and analyze clustering structures. With its focus on interpretability and stakeholder-aligned results, OPTICS is particularly valuable in collaborative decision-making workflows. Key contributors to its development include Hans-Peter Kriegel and Mihael Ankerst, with its usage spanning health studies and applications in urban and environmental planning.

## Key statistical methodologies enhancing spatial clustering

Statistical models and techniques such as random effect models, Moran's Formula, and the Run Length Test are frequently integrated into spatial clustering workflows to improve their analytical framework. These methods help evaluate variation and identify patterns in geographically distributed data. For example, Moran's Formula is applied to measure spatial relationships, and the NN Test evaluates clustering performance. The incorporation of these methods underscores the methodological depth integral to spatial clustering research."
1,,"# DBSCAN Algorithm and its Contributors

This community is centered around the DBSCAN algorithm, a prominent density-based clustering method used in data mining and spatial analysis. Key contributors to the algorithm include researchers M. Ester, H.-P. Kriegel, X. Xu, S. Jörg, and J. Sander. The method relies on concepts like clusters, core points, border points, Eps-neighborhoods, and the parameter MinPts. DBSCAN was presented at the 2nd International Conference on Knowledge Discovery and Data Mining (KDD'96) in Portland, Oregon, making it a foundational advancement in the field of data mining and clustering techniques.

## DBSCAN's role as a transformative clustering algorithm

DBSCAN (Density-Based Spatial Clustering of Applications with Noise) is a fundamental clustering algorithm developed for identifying clusters in spatial databases while accounting for noise. It introduced parameters such as Eps (defining neighborhood proximity) and MinPts (minimum points required for a cluster). Its ability to identify arbitrarily-shaped clusters and handle noise effectively has made it a cornerstone for spatial data analysis and various other applications in data mining.

## Contribution of M. Ester to DBSCAN and clustering research

M. Ester is a significant figure in the development of DBSCAN. He co-authored the seminal paper introducing density-based clustering for spatial databases and presented this research at KDD'96 in Portland, Oregon. Beyond DBSCAN, M. Ester has contributed to other clustering methodologies, such as optimizations in CLARA (Clustering Large Applications). His work remains influential in the field of spatial and density-based data mining.

## Collaborative contributions of key researchers

The DBSCAN algorithm was the product of significant collaboration among researchers M. Ester, H.-P. Kriegel, X. Xu, S. Jörg, and J. Sander. H.-P. Kriegel, for example, contributed to density-based algorithms and visualization techniques for enhancing large database exploration. X. Xu refined the algorithm with optimizations targeting computational complexity. S. Jörg and J. Sander also played vital roles in refining and extending the methodology. Their joint work underscores the interdisciplinary effort involved in DBSCAN's development.

## Key concepts introduced by DBSCAN

DBSCAN introduced several core concepts that are critical to understanding clustering. These include 'Core Points,' which are centrally located within a cluster and have dense neighborhoods meeting MinPts requirements. 'Border Points' are peripheral points that are density-reachable from core points but may not have enough neighbors to form a core. The 'Eps-neighborhood' defines the distance threshold used to determine proximity between points, ensuring clusters are based on clear density criteria.

## Role of the 2nd International Conference on Knowledge Discovery and Data Mining (KDD'96)

The 2nd International Conference on Knowledge Discovery and Data Mining (KDD'96), held in Portland, Oregon, served as the launchpad for DBSCAN's introduction. At this event, M. Ester and his collaborators highlighted the significance of their density-based clustering algorithm for spatial databases. The conference not only provided visibility to DBSCAN but also underscored its transformational role in data mining and clustering research.

## DBSCAN's computational considerations

DBSCAN's effectiveness is influenced by its computational efficiency, which depends on parameters like data dimensionality, cluster density, and the size of the dataset. The time complexity of DBSCAN generally scales with the data size and structural intricacy. Researchers have worked to address these computational challenges, ensuring the algorithm's applicability to real-world, large-scale datasets without prohibitive processing costs.

## DBSCAN's applications in various domains

Thanks to its ability to identify arbitrarily-shaped clusters and its robustness against noise, DBSCAN has found applications in diverse fields, including geospatial analysis, environmental monitoring, disease outbreak detection, image segmentation, and social network analysis. Its flexibility and capacity to process noisy datasets make it a preferred choice for researchers and practitioners in both academic and applied settings.

## Interconnections between DBSCAN concepts and other clustering methods

The concepts introduced by DBSCAN, such as density-based clustering, have influenced the development of other clustering algorithms. For example, the emphasis on density and noise handling in DBSCAN has inspired methodological improvements in algorithms like CLARA. These inter-algorithm relationships demonstrate how DBSCAN has shaped broader clustering research, leading to innovations in computationally efficient and application-specific clustering methods."
2,,"# Spatial Data Mining and Clustering Algorithms Community

The community is centered around Spatial Data Mining, a process utilized to uncover patterns in geographically referenced data, which finds applications in industries such as health services, marketing, and environmental analysis. Key contributors include clustering algorithms like CHAMELEON, STING, and STING+, as well as researchers and co-authors of these methods. The relationships within the community highlight the interconnected development of these algorithms and their applications, making it a critical framework for analyzing spatial data patterns.

## Spatial Data Mining as the central concept in the community.

Spatial Data Mining is the process of uncovering patterns and meaningful information from spatial data using specialized techniques and algorithms. This concept serves as the core of the community, connecting diverse entities such as clustering algorithms, researchers, and industry applications. Examples of its significance include applications in visualizing traffic patterns with tools like Traffic Map Cube and its relevance across sectors such as health services, marketing, and environmental agencies. Several advanced methods, including STING and CHAMELEON, are explicitly designed to address spatial data mining challenges.

## CHAMELEON as an innovative hierarchical clustering algorithm.

CHAMELEON is a hierarchical clustering algorithm developed in 1999 by George Karypis, Eui-Hong (Sam) Han, and Vipin Kumar. It operates using a two-phase approach of graph partitioning and agglomerative hierarchical clustering, leveraging dynamic modeling to measure similarity between clusters. This algorithm has had widespread influence, as evidenced by its role in inspiring concepts adopted by other methods like COD-CLARANS. Additionally, CHAMELEON demonstrates its adaptability by analyzing relative connectivity, making it a foundational tool in the community’s spatial data mining practices.

## STING and STING+ as foundational methods in spatial clustering.

STING (Statistical Information Grid) is a grid-based spatial data mining method developed to create hierarchical structures that divide spatial areas for clustering based on statistical information. Its enhanced version, STING+, incorporates active spatial data mining techniques, adding dynamic density and attribute-based conditions. Authored by researchers like Jiong Yang and Richard Muntz, STING+ represents a step forward in adaptive clustering and demonstrates the community's focus on continuously enhancing algorithmic capabilities to support large-scale spatial data analysis.

## Key researchers and collaborations driving algorithmic development.

Multiple researchers have contributed significantly to the development of clustering algorithms in this community. For example, Sudipto Guha, Kyuseok Shim, and Rajeev Rastogi co-developed CURE and ROCK, two robust clustering algorithms. Similarly, Jiong Yang and Richard Muntz were instrumental in the development of STING+. These collaborations emphasize the deeply interconnected nature of research within this field, driving innovation and advancing the practical applications of spatial data mining techniques.

## Applications of spatial data mining in diverse industries.

Spatial data mining has broad-reaching applications across industries. Health services organizations leverage this process to analyze geographically linked healthcare patterns; marketing firms use spatial data to refine customer strategies and business decisions; and environmental agencies rely on spatial insights to make informed decisions on locationally significant issues. Furthermore, tools like Traffic Map Cube exemplify the use of spatial data mining for visualizing traffic patterns to optimize transportation planning.

## CURE and ROCK's contributions to clustering algorithm diversity.

CURE and ROCK are clustering algorithms that address specific spatial data clustering challenges. CURE, developed by Sudipto Guha, Kyuseok Shim, and Rajeev Rastogi, is designed to handle non-spherical clusters with wide variances, mitigating the influence of outliers. ROCK, also developed by these researchers, introduces a link-based similarity method to maximize cohesion within clusters while minimizing cross-cluster links. These algorithms add diversity to the methods available for spatial data mining, enabling tailored solutions for different data characteristics.

## Use of hierarchical clustering techniques in spatial data organization.

Hierarchical clustering is a key method used in structuring spatial data in this community. For instance, CHAMELEON and STING utilize hierarchical clustering to create nested data clusters represented as dendrograms. This approach allows detailed insights into data relationships across multiple granularity levels. The flexibility of using both bottom-up and top-down methodologies ensures that these techniques address diverse data structuring needs within spatial data mining tasks.

## Traffic Map Cube as a visualization tool for spatial data.

Traffic Map Cube serves as a case study for the application of spatial data mining in real-world contexts. The tool represents traffic data in terms of geography, time, and other spatial attributes, allowing for an intuitive visualization of patterns. This application highlights the crucial role of spatial data mining in improving urban planning, traffic management, and infrastructure development through actionable insights derived from geographically referenced data.

## Integration of active spatial data mining techniques.

Active spatial data mining techniques, as seen in STING+, incorporate dynamic conditions like density thresholds and attribute triggers to enhance spatial clustering. These methods enable more precise identification of trends and relationships in data. This reflects a shift towards active, flexible frameworks within the community, pushing beyond static models to create algorithms that address the complexity of modern spatial datasets.

## Interconnected development of clustering algorithms in 1999.

The year 1999 marked pivotal developments in clustering algorithms with the creation of CHAMELEON, STING+, and other advanced methods. Researchers like George Karypis and Richard Muntz played key roles in these efforts, which culminated in a richer ecosystem of spatial clustering techniques. These algorithms introduced innovative methods to measure connectivity, adapt to sparse datasets, and refine clustering outputs, solidifying the foundational advancements made during this period."
